Fund Name,P1,P2,P3,P4,P5,Topsis Score,Rank
M1,0.93,0.86,4.0,40.3,11.52,0.6684523955069694,1
M2,0.64,0.41,5.5,43.2,12.44,0.36330233331719547,8
M3,0.93,0.86,5.6,52.2,14.9,0.6261639121111201,2
M4,0.6,0.36,5.8,67.1,18.47,0.3976387035788989,7
M5,0.62,0.38,3.5,36.5,10.25,0.46007165791938665,6
M6,0.92,0.85,7.0,64.2,18.24,0.5477143876820549,3
M7,0.87,0.76,6.6,54.0,15.56,0.5263353668594013,4
M8,0.87,0.76,6.0,32.2,9.96,0.5204738832961147,5
